video_url,user_url,username,title,view_num,created_at,shortdesc,collected_at
/watch?v=MgmxV1NqqEs&pp=ygUGc2FpZ29u,/@laistahir,Lais,4 Days in Ho Chi Minh City (Saigon) Vietnam 2026,82K,1 month,vietnam #saigon #hochiminhcity #travel Get an exclusive 15% discount on Saily data plans! Use code LAIS at checkout.,2026-01-21 22:52:44.193209
/watch?v=fRXbG5fulJI&pp=ygUGc2FpZ29u,/@realcoolvision,CoolVision,Is Saigon Vietnam‚Äôs Best City? I Didn‚Äôt Expect This,486K,7 months,"Let's visit Saigon aka Ho Chi Minh City aka HCMC, Vietnam's largest city. Is this city really underrated? I think so! From the¬†...",2026-01-21 22:52:44.194975
/watch?v=VyoDm3D4uEE&list=RDVyoDm3D4uEE&start_radio=1&pp=ygUGc2FpZ29uoAcB,/@radial,Radial by The Orchard,Em√≠lio Santiago - Saigon (Ao vivo),15M,7 years,Click here to subscribe: http://bit.ly/1pvfR6o #EmlioSantiago #Saigon.,2026-01-21 22:52:52.309423
/watch?v=Z6pMB3ROYMA&pp=ygUGc2FpZ29u,/@FloraandNote,Flora and Note,Why Everyone Is Obsessed With HO CHI MINH CITY Right Now üáªüá≥,89K,4 days,Head to https://squarespace.com/floraandnote to save 10% off your first purchase of a website or domain using code¬†...,2026-01-21 22:52:52.312168
/watch?v=PL52DrcI5dY&pp=ygUGc2FpZ29u,/@RenzoMaano,Renzo Maano,Complete 3 Day Travel Guide to Saigon Vietnam,78K,1 year,Join me and @ReanneMendoza as we explore the beautiful city of Ho Chi Minh! This place is much more than just the Cafe¬†...,2026-01-21 22:52:52.315184
/watch?v=jNIJiHRGh2g&pp=ygUGc2FpZ29u,/@WhatThePho,What The Pho ,20 things to do in Ho Chi Minh City,183K,1 year,Get an exclusive 15% discount on Saily data plans! Use code PHO at checkout. Download Saily app or go to https://saily.com/pho¬†...,2026-01-21 22:52:52.316473
/watch?v=E0q82-KPa5c&pp=ygUGc2FpZ29u,/@RalphSam,Ralph & Sam,"Ho Chi Minh City Vlog üáªüá≥ Best Food in Saigon + How Much We Spend, Shopping, Vietnam Vlog 2024",198K,1 year,Planning a trip to Vietnam? Here's our guide to Ho Chi Minh City #vietnamtravelvlog Looking for an eSIM? Download #Airalo¬†...,2026-01-21 22:52:52.319236
/watch?v=Mvsa17OMq-I&pp=ygUGc2FpZ29u,/@IslandHopperTV,Island Hopper TV,Best Things To Do in Ho Chi Minh City Vietnam 4K,787K,2 years,"HO CHI MINH CITY, VIETNAM: In this Ho Chi Minh City travel guide. We show you all around Saigon showing you the best things¬†...",2026-01-21 22:52:52.321582
/watch?v=lU1DRoQd8sE&pp=ygUGc2FpZ29u,/@joycehysin,Joyce Sin,first time in Ho Chi Minh VIETNAM ~ things to do in Saigon üáªüá≥,101K,9 months,3D2N in Vietnam ‚òÅÔ∏è HIGHLIGHTS 0:09 check in 1:07 pho 2:35 market 3:09 street vibes 4:12 museum 5:10 post office 5:52¬†...,2026-01-21 22:52:52.323145
/watch?v=1n4Ow2cn6Q4&pp=ygUGc2FpZ29u,/@WhatThePho,What The Pho ,Best things to do in Ho Chi Minh City in 2026,88K,4 months,Get an exclusive 15% discount on Saily data plans! Use code PHO at checkout. Download Saily app or go to https://saily.com/pho¬†...,2026-01-21 22:52:52.325948
/watch?v=U9j10hMsHWU&pp=ygUGc2FpZ29u,/@PuriandSue,Puri and Sue,Ho Chi Minh City - 18 Things to do | 4D3N Itinerary | What to do in Saigon,136K,6 months,"Ho Chi Minh City, Vietnam's largest city, or still commonly referred to by its former name, Saigon. It's truly one of the most vibrant¬†...",2026-01-21 22:52:52.328731
/watch?v=H9QMq2wgb8o&pp=ygUGc2FpZ29u,/@AmandaFelixEats,Amanda & Felix Eats,Ultimate Ho Chi Minh Cityüáªüá≥ FOOD TOUR || Saigon‚Äôs Best Street Food & Local Dishes!,189K,9 months,Xin ch√†o and ALOHA   Come with us on this ultimate Ho Chi Minh City     FOOD TOUR! We're showing you all of Saigon's Best¬†...,2026-01-21 22:52:52.332497
/watch?v=WisjwmQHPRQ&pp=ygUGc2FpZ29u,/@Meitimeyt,Mei Time,"Ho Chi Minh City in 4 Days üåø (for caf√©s, food & vintage architecture)",101K,4 months,"Our 4-day itinerary in Ho Chi Minh City, Vietnam ‚òïÔ∏è - Day 1Ô∏è‚É£: H·ªß Ti·∫øu Nam Vang Th√†nh ƒê·∫°t, Little Hanoi Egg Coffee (Yersin)¬†...",2026-01-21 22:52:52.334062
/watch?v=KWhDJQntg8g&pp=ygUGc2FpZ29u,/@WheresWes,Where's Wes?,Watch This BEFORE Visiting Ho Chi Minh City/Saigon  üáªüá≥ (Vietnam Travel Vlog),216K,2 years,I share my experiences in Saigon/Ho Chi Minh City in this travel vlog from Vietnam. I give my opinion on whether or not you¬†...,2026-01-21 22:52:52.335366
/watch?v=35Z4GGvCmlU&pp=ygUGc2FpZ29u,/@Expedia,Expedia,Ho Chi Minh City Vacation Travel Guide | Expedia,1.3M,10 years,Ho Chi Minh City ‚Äì Visit the southern tip of Vietnam for one of South East Asia's emerging boom cities. Check out the best things to¬†...,2026-01-21 22:52:52.337035
/watch?v=D7F6pTXmvWw&pp=ygUGc2FpZ29u,/@IslandHopperTV,Island Hopper TV,Best Things To Do in Ho Chi Minh City Vietnam 2026 4K,27K,1 month,In this best things to do in Ho Chi Minh City Vietnam travel video we show you all around this mega city in the south. In this Ho Chi¬†...,2026-01-21 22:52:52.340799
/watch?v=bN8veEs8ec0&pp=ygUGc2FpZ29u,/@ONWorldTravel,ON World Travel,SAIGON: First impressions of HECTIC Ho Chi Minh (Vietnam),126K,1 year,"Olivia and Nathan here! Saigon, Vietnam (Ho Chi Minh) was WILD. Easily the loudest and most hectic city we've ever been to.",2026-01-21 22:52:52.343838
/watch?v=QzegCBrJ83o&pp=ygUGc2FpZ29u,/@CNBCi,CNBC International,Discovering hidden gems of Ho Chi Minh City's food scene,58K,11 months,"American chef and content creator Chad Kubanoff moved to Vietnam a decade ago, with the intention of leaving within a year.",2026-01-21 22:52:52.345348
/watch?v=oTlKahi9e44&pp=ygUGc2FpZ29u,/@vietnamstreetfoodtv8578,Vietnam Street Food TV,BEST 15 SAIGON MICHELIN STREET FOOD 2025 // Vietnamese Michelin Guide,75K,4 months,streetfood #streetfoodvietnam #vietnamstreetfood #market #vietnam #saigon #hochiminhcity #hochiminhtoday¬†...,2026-01-21 22:52:59.661802
/watch?v=P-zkUCENnOk&pp=ygUGc2FpZ29u,/@Mousetrvp,Kevin Ha,a FULL week in SAIGON (shopping + what we ate) | Vietnam Series,64K,10 months,stay connected ‚§µÔ∏è INSTAGRAM : https://www.instagram.com/mousetrvp/ https://www.instagram.com/chaaarcastle/ TIKTOK¬†...,2026-01-21 22:52:59.663670
/watch?v=ZSvpdgQ5VTk&pp=ygUGc2FpZ29u,/@travelvietnam4k,TRAVEL VIETNAM 4K,Inside Saigon‚Äôs District 1! Walking the Most Famous Streets in Ho Chi Minh City,8K,3 months,vietnam #saigon #hochiminhcity Inside Saigon's District 1! Walking the Most Famous Streets in Ho Chi Minh City Take a relaxing¬†...,2026-01-21 22:52:59.665233
/watch?v=ysanxgFM1Wo&pp=ygUGc2FpZ29u,/@ii_captaiin,I Am Freeman,"a massive Korean district in Saigon, Vietnam? üáªüá≥ (whats it like there)",930,23 hours,TikTok - tiktok.com/@ii_captaiin?lang=en IG - https://www.instagram.com/ii_captaiin My Channel¬†...,2026-01-21 22:52:59.666496
/watch?v=WPzyYZ0Uiaw&pp=ygUGc2FpZ29u,/@vintagefoodfarm,Vintage Food Farm,"Hello Ho Chi Minh City! ‚ù§Ô∏èüáªüá≥ VIP ""Fast Track"" Entry Service! Hotel tour, Food üòãCoffee and Prices!",72K,1 month,We are going to show you some SERIOUSLY GOOD TRAVEL TIPS when arriving in Ho Chi Minh City (Saigon) Vietnam!,2026-01-21 22:52:59.668068
/watch?v=MlaEG7HpR58&pp=ygUGc2FpZ29u,/@travelforphoebe,Travel For Phoebe,The BEST of Ho Chi Minh City  üáªüá≥ Food & Fun in Saigon!,156K,10 months,"Saigon (Ho Chi Minh City) is Vietnam's most vibrant city, and after a few days here, I can officially say‚ÄîI'm obsessed! This city has¬†...",2026-01-21 22:52:59.670118
/watch?v=Q7JxPU1ddkI&pp=ygUGc2FpZ29u,/@FoodOscar,Food Oscar,TOP Vietnamese Street Food You MUST TRY in Saigon 2025,477K,3 months,TOP Vietnamese Street Food You MUST TRY in Saigon 2025 Join us on a delicious food adventure through Ho Chi Minh City to¬†...,2026-01-21 22:52:59.671388
/watch?v=eqtN5NK9E7c&pp=ygUGc2FpZ29u,/@travelvietnam4k,TRAVEL VIETNAM 4K,Ho Chi Minh City (Saigon) Nightlife | Explore Vietnam üáªüá≥ Streets 2024,114K,1 year,"Nightlife #WalkingStreet #hochiminhcity Ho Chi Minh City (Saigon) Nightlife | Explore Vietnam Streets 2024 Today, lots of¬†...",2026-01-21 22:52:59.672689
/watch?v=FukFEQ4vcGQ&pp=ygUGc2FpZ29u,/@BingoandBinew,Bingo and Binew,"Ho Chi Minh City travel vlog üáªüá≥ Cafes, shopping, local food in District 1 Saigon, Vietnam",56K,7 months,"In this video we're in Ho Chi Minh City (Saigon), Vietnam to enjoy the best cafes, shopping, and local food in Saigon's famous¬†...",2026-01-21 22:52:59.674525
/watch?v=MhApgf9SHxU&pp=ygUGc2FpZ29u,/@MoreBestEverFoodReviewShow,More Best Ever Food Review Show,Saigon After Midnight!! Vietnam Late Night Street Food!!,4.2M,1 year,FOLLOW US!!* https://www.instagram.com/besteverfoodreviewshow/ Like our music? Enjoy FREE 30-days of Epidemic¬†...,2026-01-21 22:52:59.676483
/watch?v=UhNnYMM3CEA&pp=ygUGc2FpZ29u,/@bkk1126,Bkk112,Saigon After Dark üáªüá≥ | Vietnam Nightlife Walk [4K],885,10 hours,Vietnam Night Scenes - Bui Vien night walk - December 2025 To support this channel with no extra cost to yourself book agoda¬†...,2026-01-21 22:52:59.678372
/watch?v=3h1_uP2fDSA&pp=ygUGc2FpZ29u0gcJCYcKAYcqIYzv,/@Twocantravel,Jen and Stevo ~ Two Can Travel,"Exploring Ho Chi Minh City District 1 üáªüá≥ Saigon, Vietnam Travel Vlog",2.2K,11 days,"We're exploring District 1 in Ho Chi Minh City (aka Saigon), Vietnam. We're showing you some of the most famous sites, all within¬†...",2026-01-21 22:52:59.680340
/watch?v=Qjzjhl-QztE&list=RDQjzjhl-QztE&start_radio=1&pp=ygUGc2FpZ29uoAcB,/channel/UCyVomykHKyWCWo8lSKHHmzA,Billy Joel,Billy Joel - Goodnight Saigon (Official Video),9M,16 years,"In 1982, Billy Joel released an album titled The Nylon Curtain, which became a Billboard Top 10 album and was one of the first to¬†...",2026-01-21 22:52:59.681625
/shorts/dMw3sBARlqg,/@karenexplores,Karen Explores,8 THINGS TO DO IN SAIGON VIETNAM üòçüáªüá≥ #vietnam #saigon #hochiminhcity #travelguide,603K,1 year,... however I would also recommend Saigon Square Market for better quality items and the air conditioning six Vietnam has a huge¬†...,2026-01-21 22:52:59.683029
/watch?v=8eX5nahjbbQ&pp=ygUGc2FpZ29u,/@travelvietnam4k,TRAVEL VIETNAM 4K,Best City to Visit in Vietnam üáªüá≥ Saigon City Centre Walk,56K,1 year,saigon #citycentre #hochiminhcity Best City to visit in Vietnam Saigon City Centre Walk eSIM Card for your Travel¬†...,2026-01-21 22:52:59.684377
/watch?v=nw8GVP64sK8&pp=ygUGc2FpZ29u,/@SGHN,S√ÄI G√íN H√îM NAY,"R·ªìi Xong! ""H·ªêT H·∫æT"" ƒêi Lu√¥n C√ÅI T·∫æT | Khu B√Ä CHI·ªÇU &  Khu X√ìM G√Ä B√¨nh Th·∫°nh | S√†i G√≤n H√¥m Nay",12K,20 hours,ƒêƒÇNG K√ù K√äNH ·ª¶NG H·ªò S√ÄI G√íN H√îM NAY T·∫†I ƒê√ÇY : https://bit.ly/2IsBRQt K√äNH TH·ª® 2 C·ª¶A S√ÄI G√íN H√îM NAY:¬†...,2026-01-21 22:52:59.685650
/watch?v=iciBQUkRcH8&pp=ygUGc2FpZ29u0gcJCYcKAYcqIYzv,/@docSammy.travels,Doc Sammy ,HO CHI MINH FULL 5 DAYS ITINERARY  WITH 22K PHP BUDGET üáªüá≥,15K,5 months,"In this video, I'm sharing my complete Ho Chi Minh itinerary with a total budget of only 22000 PHP‚Äîflights, hotel, tours, and more!",2026-01-21 22:52:59.687133
/shorts/J8iU4_rFHns,/@TheTravelGuardian,The Travel Guardian,Ho Chi Minh City Vietnam | 3 Days Itinerary | Things to do in Ho Chi Minh City | Mekong Delta Trip,172K,6 months,"Welcome to The Travel Guardian, your ultimate companion for exploring the most vibrant and historic cities across the globe!",2026-01-21 22:52:59.688639
/watch?v=ZzGj2-FU3wo&pp=ygUGc2FpZ29u0gcJCYcKAYcqIYzv,/@HungryTwoTravel,Hungry Two Travel,Vietnam Street Food in Saigon - SIZZLING Vietnamese Steak and Eggs + Street Food in Ho Chi Minh City,33K,3 months,"Vietnam street food in Saigon. We went on a huge street food tour in Vietnam's biggest city, Ho Chi Minh City tasting local street¬†...",2026-01-21 22:53:09.508714
/watch?v=-AFHtZ5Or1U&list=RD-AFHtZ5Or1U&start_radio=1&pp=ygUGc2FpZ29uoAcB,/@rhino,RHINO,Saigon Kick - Love Is On The Way (Official Music Video),2M,1 year,"You're watching the official music video for Saigon Kick - ""Love Is On The Way"" from the album 'The Lizard' (1992) Subscribe to¬†...",2026-01-21 22:53:09.511798
/watch?v=oVQdDxkiR3w&pp=ygUGc2FpZ29u,/@wherearewe-yt,Where Are We?!,"We're in LOVE with HO CHI MINH CITY, VIETNAM üáªüá≥ ‚ù§Ô∏è - Is Saigon BETTER than Hanoi?!",16K,5 months,"In this week's video, we visit Ho Chi Minh City, Vietnam for the first time! These are our first impressions of the city. We are¬†...",2026-01-21 22:53:09.513478
/watch?v=5dyC5essnTw&pp=ygUGc2FpZ29u,/@strictlydumpling,Strictly Dumpling,24 Hours Vietnamese STREET FOOD Tour + BIGGEST B√°nh m√¨ in Saigon Vietnam,303K,5 months,Join me as I eat Vietnamese street food for 24 hours in the heart of Saigon (Ho Chi Minh City)! #SaigonStreetFood #streetfood¬†...,2026-01-21 22:53:09.517495
/watch?v=9KdoMg4yDvk&pp=ygUGc2FpZ29u,/@FoodOscar,Food Oscar,MOST Famous Vietnam Street Foods in Saigon - The Ultimate Carb Heaven Tour,1.7K,10 hours,MOST Famous Vietnam Street Foods in Saigon - The Ultimate Carb Heaven Tour Foods that I tried (not in order): 1. Chicken¬†...,2026-01-21 22:53:09.518658
/watch?v=NbDv1zFBB5o&pp=ygUGc2FpZ29u,/@Macoi24,M·∫Øc ∆†i ,"5 Must Eats in Saigon, Vietnam üáªüá≥",939K,1 year,B√∫n th·ªãt n∆∞·ªõng - Nguy·ªÖn Trung Tr·ª±c https://maps.app.goo.gl/rrd4WQhFi7u7515d6 C∆°m T·∫•m H·∫ªm 33¬†...,2026-01-21 22:53:09.519952
/watch?v=YP-rOKVBMeA&list=RDYP-rOKVBMeA&start_radio=1&pp=ygUGc2FpZ29uoAcB,/channel/UCQ6y1bGU-e_EFY2DumK6n5Q,SAIGON TV,Saigon - Stocking Cap (Official Video),78K,1 year,"As Saigon Gears Up To Release His New Album ""The Jordan Era"" He Has Began Releasing Some Never Been Seen Videos Of¬†...",2026-01-21 22:53:09.521200
/watch?v=7MP3f8Mg9V8&pp=ygUGc2FpZ29u,/@HausByG,Georgene Loh,6 days in Ho Chi Minh city,157K,6 months,"After 10 long years, I am finally back to this beautiful city. So glad to be able to document it this time and I'm sure i'll be back soon¬†...",2026-01-21 22:53:09.524901
/watch?v=5UPkcm17V10&pp=ygUGc2FpZ29u,/@DaneAndStacey,Dane and Stacey,Vietnam Travel Costs! Ho Chi Minh City Food & Attractions,112K,1 year,"Spend the next 24 hours in Ho Chi Minh City with us - top things to do, main attractions, food and prices - why does Saigon get¬†...",2026-01-21 22:53:09.526361
/watch?v=ofbjVTHxCcE&pp=ygUGc2FpZ29u,/@HungryTwoTravel,Hungry Two Travel,"Eating NONSTOP Vietnamese Street Food in Saigon - MUST TRY Street Food in Ho Chi Minh City, Vietnam",40K,2 months,"Eating nonstop Vietnamese street food in Saigon. The food scene in Ho Chi Minh City is next level, and this week we went on an¬†...",2026-01-21 22:53:09.528052
/watch?v=PztuaHYGuig&pp=ygUGc2FpZ29u,/@TravelWithNala,David & Kim,Saigon Nightlife Is Way TOO WILD - (i kinda love it),49K,10 months,My first time in Ho Chi Minh City (Saigon). Join my on a short overnight trip to the Business and Tech Hub of Vietnam. In this video¬†...,2026-01-21 22:53:09.529389
/watch?v=wsyRtQWFzuI&pp=ygUGc2FpZ29u0gcJCYcKAYcqIYzv,/@neek_and_kiel,Neek and Kiel,"Ho Chi Minh District 1: Coffee, Local Food and Ben Thanh Market",6.4K,1 month,Exploring Ho Chi Minh District 1 is the perfect way to experience Ho Chi Minh City's energy - from Vietnamese coffee and noodle¬†...,2026-01-21 22:53:09.533079
/watch?v=HwoJ4GxPXp4&pp=ygUGc2FpZ29u,/@LongventuresVietnam,Long ventures Vietnam,TOP 6 Ho Chi Minh MICHELIN STREET FOOD 2024,218K,1 year,"Hello everyone! Today, we're exploring the Top 6 Michelin street food in Ho Chi Minh, Vietnam for 2024 that you must try before¬†...",2026-01-21 22:53:09.534732
/watch?v=pKlic2KpdUo&pp=ygUGc2FpZ29u,/@ActionKid,ActionKid,Is the Saigon Skydeck Worth It? (Plus Hidden Art Museum!),2.2K,2 weeks,"Join me as I head to one of Ho Chi Minh City's most iconic landmarks, the Bitexco Financial Tower! In this video, we take the¬†...",2026-01-21 22:53:09.536121
/watch?v=LA3uV_YXZAk&pp=ygUGc2FpZ29u,/@WBUR,WBUR,'Saigon: The Final Hours',1.1M,10 years,"A special WBUR documentary. On the 40th anniversary of the fall of Saigon, four Massachusetts Marines detail the final¬†...",2026-01-21 22:53:09.537282
/watch?v=B2PLVAxl3Fw&pp=ygUGc2FpZ29u,/@BestEverFoodReviewShow,Best Ever Food Review Show,Saigon HIDDEN Noodle Tour!! Must Try Before You Die!!,2.5M,3 years,NEW CHANNEL ALERT!! ¬ª https://bit.ly/BestEverFoodClips BEFRS MERCH ¬ª https://bit.ly/ShopBEFRS SUPPORT OUR¬†...,2026-01-21 22:53:09.540964
/watch?v=TZ5PQcYI1k4&list=RDTZ5PQcYI1k4&start_radio=1&pp=ygUGc2FpZ29uoAcB0gcJCYcKAYcqIYzv,/@rhino,RHINO,Saigon Kick - I Love You (Official Music Video),1.8M,1 year,"You're watching the official music video for Saigon Kick - ""I Love You"" from the album 'Water' (1993) Subscribe to the Rhino¬†...",2026-01-21 22:53:09.542216
/watch?v=X4XHdRynqbg&pp=ygUGc2FpZ29u0gcJCYcKAYcqIYzv,/@TimLeeLetsGo,Tim Lee,Vietnam's Best Buffets:  Saigon's Top Lobster and Seafood Buffets Get Better and Better!,268K,2 years,"I just can't believe it! The buffets in Vietnam just keeps getting better and better. In Saigon, I had a chance to visit La Brasserie¬†...",2026-01-21 22:53:18.508122
/watch?v=Uso81c6_glw&pp=ygUGc2FpZ29u,/@ExoticVacation,Exotic Vacation,How to Spend 2 Days in HO CHI MINH CITY Vietnam | The Perfect Travel Itinerary,244K,2 years,Prepare to immerse yourself in the vibrant energy of Ho Chi Minh City! Join us as we unveil the ultimate guide on how to make the¬†...,2026-01-21 22:53:18.509639
/watch?v=3JDxQo1hHeM&pp=ygUGc2FpZ29u,/@ianbickCT,Ian Bick,Saigon: How I Survived New York State Prison,33K,12 days,"Saigon sits down with Ian Bick to tell the full story of his upbringing, how getting pulled into the streets and gangs led him down a¬†...",2026-01-21 22:53:18.510627
/watch?v=jrsyzy-MoVk&pp=ygUGc2FpZ29u,/@tedaroi4795,Ted Aroi,Inside Saigon‚Äôs REAL Chinatown: Hidden Eats & History in District 5 üáªüá≥,1.8K,2 months,"Forget the tourist traps‚Äîthis is District 5, Saigon's authentic Chinatown, where history and incredible food blend with a true local¬†...",2026-01-21 22:53:18.511286
/watch?v=iGgU1bbI5L4&pp=ygUGc2FpZ29u,/@revolt,REVOLT,"Saigon Details The REAL Story Behind His Mobb Deep Beef: The Robbery, Alchemist & SOBs Fight",82K,3 months,"In this clip from their full #DrinkChamps interview, #Saigon tells the entire story of his beef with #MobbDeep. He explains how it all¬†...",2026-01-21 22:53:18.511968
/shorts/KN3RV2AQ0VU,/@getlosttravelmagazine1052,get lost travel magazine,4 Must Visit Hidden Bars in Ho Chi Minh City. #getlostnow #saigon #vietnam #bestbars #travel,4.3K,1 year,"Saigon, also known as Ho Chi Minh City, is a bustling metropolis filled with vibrant culture, tantalizing cuisine, and an electric¬†...",2026-01-21 22:53:18.513067
/watch?v=a1GmIUZlwhM&pp=ygUGc2FpZ29u0gcJCYcKAYcqIYzv,/@RockyandKimball,Rocky & Kimball,6 Days in Saigon üáªüá≥ Our First Time in Vietnam‚Ä¶ and It Completely Blew Us Away,8.4K,1 month,"Saigon (Ho Chi Minh City), Vietnam ‚Äî our first ever trip to Vietnam, and wow‚Ä¶ what an unforgettable 6-day adventure. As part of¬†...",2026-01-21 22:53:18.514652
/watch?v=emx2uczqr6g&pp=ygUGc2FpZ29u,/@WhatThePho,What The Pho ,What to do and eat in Ho Chi Minh City (The biggest Chinatown in Vietnam),103K,11 months,"Go to https://surfshark.com/pho for 4 extra months of Surfshark In today's video, I will introduce you to what to do and eat in one of¬†...",2026-01-21 22:53:18.515309
/shorts/IvrNZ4chU7U,/@thefunsizedfoodie,thefunsizedfoodie,AVOID this Shopping Tourist TRAP in Vietnam #vietnam #vietnamese #traveltips #traveler #traveling,375K,1 year,"4 Places to Go Shopping Ho Chi Minh, Vietnam #travels #traveler #travel #travelers #traveltips #vacation #vietnam #hochiminh¬†...",2026-01-21 22:53:18.515974
/watch?v=-uHELFDtPmY&pp=ygUGc2FpZ29u,/@thecenzons,The Cenzons,"Our first impression of HO CHI MINH VIETNAM!  | where to eat, stay and things to do | Travel Guide",43K,3 months,Thank you so much for watching our Ho Chi Minh Vietnam travel vlog See you on the next episode :) KLOOK DISCOUNT CODES¬†...,2026-01-21 22:53:18.516580
/watch?v=FEcDqbX8DNo&pp=ygUGc2FpZ29u,/@huongtrantravel,Huong Tran,Where to stay in Ho Chi Minh City: 4 best districts & hotels,36K,1 year,"If you are looking for where to stay in Ho Chi Minh City, you're in the right place. In this video, I will show you the 4 best areas to¬†...",2026-01-21 22:53:18.517463
/watch?v=kwF1gEcF7ek&pp=ygUGc2FpZ29u,/@ActionKid,ActionKid,How to Take the Metro in Saigon: Ben Thanh to Vincom Mega Mall,2.4K,2 weeks,"Join me for a ride on the Ho Chi Minh City Metro! In this video, we travel from the iconic Ben Thanh Market in District 1 to the¬†...",2026-01-21 22:53:18.518256
/watch?v=thW-nulMqkQ&pp=ygUGc2FpZ29u,/@dgmanila,David Guison,"Saigon, Vietnam üáªüá≥ New Spots, Distict 3 Shopping, Jollibee Mukbang!",46K,1 month,0:00 Intro 0:45 Get Ready with Me 1:24 Rennoki Cafe 5:17 Cafe Apartments 6:47 Com Tam Ba Ghien 8:34 Bosgaurus Cafe 9:45¬†...,2026-01-21 22:53:18.519171
/watch?v=27ynkeHukn4&pp=ygUGc2FpZ29u,/@ChrisAndEmilie,Chris And Emilie,"16 Things to do in Ho Chi Minh City, Vietnam, also called Saigon or HCMC | Slow Travel",4.7K,6 months,"Ho Chi Minh City, sometimes called Saigon or just abbreviated to HCMC, it an amazing and vibrant city in southern Vietnam.",2026-01-21 22:53:18.519810
/watch?v=9aGxiKWL4TM&pp=ygUGc2FpZ29u,/@FoodieBoyKR,FoodieBoy Ìë∏ÎîîÎ≥¥Ïù¥,Vietnamese Best Street Food in Saigon,823K,9 months,"Vietnamese Best Street Food in Saigon timeline chapter 00:00 Vietnamese Seafood Street Food | Grilled Shrimps, Sea Urchin,¬†...",2026-01-21 22:53:18.520712
/watch?v=iciBQUkRcH8&pp=ygUGc2FpZ29u,/@docSammy.travels,Doc Sammy ,HO CHI MINH FULL 5 DAYS ITINERARY  WITH 22K PHP BUDGET üáªüá≥,15K,5 months,"In this video, I'm sharing my complete Ho Chi Minh itinerary with a total budget of only 22000 PHP‚Äîflights, hotel, tours, and more!",2026-01-21 22:53:18.521463
/watch?v=WuCCWhTauN8&pp=ygUGc2FpZ29u,/@losterahYT,losterah,Saigon Has Rooftop Bars Like THIS? üáªüá≥,8.9K,3 weeks,"Looking for the BEST rooftop bars in Ho Chi Minh City? The BEST Cafes In Saigon - https://youtu.be/5oVVCjY792U In this video,¬†...",2026-01-21 22:53:18.522328
